street_address,city,state,zip_code,credit_card_name,credit_card_num,email,cc_exp_month,cc_exp_year,cvv_num,status
830 Jast Bridge,Bobetteton,RI,67626,Sammy D'Amore,5389-0139-3934-9869,sammyd'amore@dream-team.com,4,2025,197,cancelled
8893 Desmond Streets,North Tori,GA,15285-0624,Fred Runolfsson,6771-8947-2811-8100,fredrunolfsson@dream-team.com,12,2024,553,complete
81355 Dietrich Cliff,New Joy,TN,81815-9814,Lovie Franecki,6771-8997-6540-9932,loviefranecki@dream-team.com,5,2022,844,pending
56372 Lu Village,West Freddymouth,AK,39004-9825,Jesse Luettgen,6771-8978-7403-1514,jesseluettgen@dream-team.com,2,2023,622,pending
4521 Jill Roads,Wittingfurt,MO,17841-1189,Amb. Glenda Legros,6771-8926-2170-7953,amb.glendalegros@dream-team.com,5,2026,911,pending
39691 Alanna Spring,West Zoniaburgh,NJ,87985-2984,Elmer Shields,6771-8938-8880-6538,elmershields@dream-team.com,6,2022,568,paid
7629 Apryl Inlet,North Frank,SC,17229-7154,Bridgette Ward,5438-3482-5114-5532,bridgetteward@dream-team.com,12,2023,370,complete
279 Breitenberg Walk,Lake Lino,MO,12670,Carmelo Dietrich,6771-8985-7732-7936,carmelodietrich@dream-team.com,2,2026,677,pending
602 Nickolas Ports,New Ikebury,CO,12642-8500,Clement Hermann,5266-8330-2336-2173,clementhermann@dream-team.com,3,2022,190,paid
587 Cordie Trail,Port Armandobury,UT,07518,Rep. Donald Turcotte,5336-0985-2005-5151,rep.donaldturcotte@dream-team.com,5,2021,319,paid
7150 Gerard Common,Marvistown,NV,04410-2275,Waylon Prohaska JD,6771-8932-6495-1890,waylonprohaskajd@dream-team.com,7,2026,307,cancelled
915 Ezequiel Key,Armstrongfurt,NC,82332-1582,Mrs. Emerson Bernier,5564-0699-2737-2328,mrs.emersonbernier@dream-team.com,11,2022,646,pending
1283 Olson Springs,Port Marishafort,WI,36758,Mervin Cronin,6771-8993-7662-4978,mervincronin@dream-team.com,8,2021,374,paid
3143 Pouros Mission,Edmondland,OH,03455-8919,Chantell Carroll,6771-8913-1667-7349,chantellcarroll@dream-team.com,11,2026,741,pending
61377 Jessie Alley,Elizabethfort,WV,31346-7065,Hugh Schiller Ret.,5366-7388-2267-8027,hughschillerret.@dream-team.com,3,2021,524,cancelled
56630 Gonzalo Prairie,Lake Kerenstad,FL,20093,Calandra Jacobi Ret.,6771-8959-6686-9346,calandrajacobiret.@dream-team.com,6,2024,379,paid
823 David Crest,Port Sonaside,PA,37689-2450,Lincoln Becker JD,5233-4558-7734-6407,lincolnbeckerjd@dream-team.com,3,2023,783,pending
485 Wunsch Flat,Port Jason,WI,82302-7469,Lulu Watsica,6771-8942-6560-5295,luluwatsica@dream-team.com,2,2026,336,complete
54000 Rhonda Views,Goldnerberg,ME,36959,Rev. Horacio Sanford,5565-7720-8438-5368,rev.horaciosanford@dream-team.com,1,2025,696,cancelled
9809 Lovella Flats,North Odell,VT,65996-3883,Jeffrey Kunde,5382-1178-7942-5642,jeffreykunde@dream-team.com,1,2024,444,cancelled
